code,page,access
KAVITA,mehendi.html,all
GULSHAN,mehendi.html,all
JYOTI,mehendi.html,all
JAINANDAN,mehendi.html,all
PRADNYA,mehendi.html,all
PRIYANKA,mehendi.html,all
MANVI,mehendi.html,all
MADHAV,mehendi.html,all
EKTA,mehendi.html,all
MOHIT,mehendi.html,all
VANSH,mehendi.html,all
HIMANSHU,mehendi.html,all
KUSHAGR,mehendi.html,all
VARSHINI,mehendi.html,all
GAUTAM,events.html,sangeet
AASHI,events.html,sangeet
RAHUL,events.html,sangeet
RUTVI,events.html,sangeet
ADITI,events.html,sangeet
ROHAN,events.html,sangeet
AYUSH,events.html,sangeet
ANU,events.html,sangeet
SHRAVANI,events.html,sangeet
KASHYAP,events.html,sangeet
VAIBHAV,events.html,sangeet
ISHAAN,events.html,sangeet
MANASVI,events.html,sangeet
ABHISHEK,events.html,sangeet
KAUSHAL,events.html,sangeet
AISHWARYA-YADAV,events.html,sangeet
UTKARSH,events.html,sangeet
ANUJ,events.html,sangeet
VINEET,events.html,sangeet
AYUSHI,events.html,sangeet
ROHAN-J,events.html,sangeet
SINEHA,events.html,sangeet
SHRAWANI,events.html,sangeet
JIL,events.html,sangeet
VARUN,events.html,wedding
AVISHA,events.html,sangeet
RUTWESH,events.html,sangeet
VINCENT,events.html,sangeet
ROSETTE,events.html,sangeet
ROWLAND,events.html,wedding
STEVE,events.html,wedding
EKTA-BROTHER,events.html,all
MAYANK,events.html,sangeet
AKSH,events.html,sangeet
AANCHAL,events.html,wedding
SIDDHANT-PAI,events.html,sangeet